title,url,sizeInBytes
Designer Outlet Shopping in Oxfordshire near London | Bicester Village,https://www.thebicestercollection.com/bicester-village/en/,222801
Plan Your Visit | Bicester Village,https://www.thebicestercollection.com/bicester-village/en/visit/,252618
150 Designer Fashion Brands with up to 40% off RRP - Shops at Bicester Village | Bicester Village,https://www.thebicestercollection.com/bicester-village/en/brands/,222212
What's On | Bicester Village,https://www.thebicestercollection.com/bicester-village/en/whats-on/,250426
Luxury Restaurants | Luxury Food | Bicester Village,https://www.thebicestercollection.com/bicester-village/en/dine/,203962
Membership Programme | Bicester Village,https://www.thebicestercollection.com/bicester-village/en/member/,231718
Bicester Village Map | Bicester Village,https://www.thebicestercollection.com/bicester-village/en/map/,70032
Shopping Packages | Bicester Village,https://www.thebicestercollection.com/bicester-village/en/services/shopping-packages/,202389
Latest Offers | Bicester Village Outlet Sale | Bicester Village,https://www.thebicestercollection.com/bicester-village/en/offers/,369148
The Village News | Outlet UK | Bicester Village,https://www.thebicestercollection.com/bicester-village/en/brands/village-workshop/,181296
Exclusive Fashion and Style Icons at Bicester Village | Bicester Village,https://www.thebicestercollection.com/bicester-village/en/products/luxury-fashion-icons/,606368
Hands Free Shopping | Services | Bicester Village,https://www.thebicestercollection.com/bicester-village/en/services/hands-free-shopping/,96499
The Amber Room - Luxury Shopping Experience | Bicester Village | Bicester Village,https://www.thebicestercollection.com/bicester-village/en/campaign/the-amber-room/,652810
New-in | Bicester Village Outlet | Bicester Village,https://www.thebicestercollection.com/bicester-village/en/products/new-arrivals/,754848
Contact Us | Company | Bicester Village,https://www.thebicestercollection.com/bicester-village/en/company/contact/,76997
Frequently Asked Questions | Company | Bicester Village,https://www.thebicestercollection.com/bicester-village/en/company/faq/,123600
Designer and luxury product inspiration | Bicester Village,https://www.thebicestercollection.com/bicester-village/en/products/,203228
Bicester Jobs and Careers | Bicester Village,https://www.thebicestercollection.com/bicester-village/en/careers/,88788
Download our app | Bicester Village,https://www.thebicestercollection.com/bicester-village/en/visit/download-app/,75392
About the Village | Bicester Village,https://www.thebicestercollection.com/bicester-village/en/company/about/,80594
Our Partners | Bicester Village,https://www.thebicestercollection.com/bicester-village/en/partners/,113518
Partner offers | Bicester Village,https://www.thebicestercollection.com/bicester-village/en/partner-offers/,99196
Luxury Hotels & Cottages in Oxfordshire and London | Bicester Village,https://www.thebicestercollection.com/bicester-village/en/visit/hotels-and-local-attractions/,152765
Top Things to do in Oxford and Oxfordshire | Bicester Village | Bicester Village,https://www.thebicestercollection.com/bicester-village/en/visit/things-to-do-in-oxfordshire/,135146
The best places to visit in the Cotswolds | Bicester Village,https://www.thebicestercollection.com/bicester-village/en/visit/things-to-do-in-the-cotswolds/,132229
Terms and Conditions | Legal | Bicester Village,https://www.thebicestercollection.com/bicester-village/en/legal/website-terms-and-conditions/,93220
Privacy Notices | Bicester Village,https://www.thebicestercollection.com/bicester-village/en/legal/privacy-notices/,71515
Visit | Accessibility | Bicester Village,https://www.thebicestercollection.com/bicester-village/en/company/accessibility/,70254
Bicester Village,https://www.thebicestercollection.com/bicester-village/en/legal/corporate-compliance-policy/,69316
Personal Shopping | Personal Shopper Service | Bicester Village,https://www.thebicestercollection.com/bicester-village/en/services/personal-shopper/,125040
Getting Here | Visit | Bicester Village,https://www.thebicestercollection.com/bicester-village/en/visit/getting-here/#tabs,226654
Shopping Services | Visit | Bicester Village,https://www.thebicestercollection.com/bicester-village/en/visit/services/#tabs,223476
Delivery | Services | Bicester Village,https://www.thebicestercollection.com/bicester-village/en/services/delivery/,100251
Visit | Accessibility | Bicester Village,https://www.thebicestercollection.com/bicester-village/en/visit/accessibility/,81179
Acne Studios Outlet | Bicester Village | Bicester Village,https://www.thebicestercollection.com/bicester-village/en/brands/acne-studios/,134199
Anine Bing Boutique | Bicester Village | Bicester Village,https://www.thebicestercollection.com/bicester-village/en/brands/anine-bing/,225860
Annoushka Outlet | Bicester Village | Bicester Village,https://www.thebicestercollection.com/bicester-village/en/brands/annoushka/,183789
AllSaints Outlet | Bicester Village | Bicester Village,https://www.thebicestercollection.com/bicester-village/en/brands/allsaints/,307822
Ami Paris Outlet | Bicester Village | Bicester Village,https://www.thebicestercollection.com/bicester-village/en/brands/ami-paris/,297237
Aquazzura Outlet | Bicester Village | Bicester Village,https://www.thebicestercollection.com/bicester-village/en/brands/aquazzura/,228990
"Armani Outlet UK | Watches, Bags & More | Bicester Village",https://www.thebicestercollection.com/bicester-village/en/brands/armani/,182015
Astrid & Miyu Outlet | Bicester Village | Bicester Village,https://www.thebicestercollection.com/bicester-village/en/brands/astrid-and-miyu/,260056
Axel Arigato Outlet | Bicester Village | Bicester Village,https://www.thebicestercollection.com/bicester-village/en/brands/axel-arigato/,196773
Ba&sh Outlet | Bicester Village | Bicester Village,https://www.thebicestercollection.com/bicester-village/en/brands/ba-sh/,208278
Balmain Outlet UK | Sale Now On | Bicester Village | Bicester Village,https://www.thebicestercollection.com/bicester-village/en/brands/balmain/,269924
Balenciaga Outlet Near London UK | Bags & More | Bicester Village,https://www.thebicestercollection.com/bicester-village/en/brands/balenciaga/,164845
Bamford Outlet | Bicester Village | Bicester Village,https://www.thebicestercollection.com/bicester-village/en/brands/bamford/,236000
Barbour Outlet | Sale Now On | Bicester Village | Bicester Village,https://www.thebicestercollection.com/bicester-village/en/brands/barbour/,266465
Bang & Olufsen Outlet | Bicester Village | Bicester Village,https://www.thebicestercollection.com/bicester-village/en/brands/bang-and-olufsen/,319120
Beauté Prestige International Outlet Boutique | Bicester Village,https://www.thebicestercollection.com/bicester-village/en/brands/beaute-prestige-international/,248463
Belstaff Outlet UK | Sale Now On | Bicester Village | Bicester Village,https://www.thebicestercollection.com/bicester-village/en/brands/belstaff/,234755
Benefit Cosmetics Boutique UK | Bicester Village | Bicester Village,https://www.thebicestercollection.com/bicester-village/en/brands/benefit-cosmetics/,306198
Bonpoint Outlet Store | Bicester Village,https://www.thebicestercollection.com/bicester-village/en/brands/bonpoint/,233838
"Bottega Veneta Outlet Store Near London, UK | Bicester Village",https://www.thebicestercollection.com/bicester-village/en/brands/bottega-veneta/,91168
Breitling Outlet UK | Bicester Village | Bicester Village,https://www.thebicestercollection.com/bicester-village/en/brands/breitling/,89730
Boss Outlet Store UK | Bicester Village,https://www.thebicestercollection.com/bicester-village/en/brands/boss/,309956
Brioni Outlet Store | Bicester Village,https://www.thebicestercollection.com/bicester-village/en/brands/brioni/,158959
Brunello Cucinelli Outlet Store UK | Bicester Village,https://www.thebicestercollection.com/bicester-village/en/brands/brunello-cucinelli/,286704
Burberry Outlet UK | Coats & More | Bicester Village | Bicester Village,https://www.thebicestercollection.com/bicester-village/en/brands/burberry/,158789
Bremont Outlet | Bremont Discount & Sale | Bicester Village | Bicester Village,https://www.thebicestercollection.com/bicester-village/en/brands/bremont/,285161
Byredo Perfume Outlet Boutique | Luxury Fragrance | Bicester Village,https://www.thebicestercollection.com/bicester-village/en/brands/byredo/,214035
Calvin Klein Underwear Outlet | Bicester Village | Bicester Village,https://www.thebicestercollection.com/bicester-village/en/brands/calvin-klein/,296636
Canada Goose Outlet UK | Bicester Village | Bicester Village,https://www.thebicestercollection.com/bicester-village/en/brands/canada-goose/,205726
Celine Outlet Boutique UK | Bicester Village,https://www.thebicestercollection.com/bicester-village/en/brands/celine/,80730
Certina Outlet | Bicester Village | Bicester Village,https://www.thebicestercollection.com/bicester-village/en/brands/certina/,102301
CH Carolina Herrera Store | Outlet | Bicester Village | Bicester Village,https://www.thebicestercollection.com/bicester-village/en/brands/ch-carolina-herrera/,91781
Charles Tyrwhitt Outlet | Sale On Now | Bicester Village | Bicester Village,https://www.thebicestercollection.com/bicester-village/en/brands/charles-tyrwhitt/,139510
Charlotte Tilbury Outlet | Bicester Village | Bicester Village,https://www.thebicestercollection.com/bicester-village/en/brands/charlotte-tilbury/,200948
"Chloé Outlet UK | Bags, Sunglasses & More | Bicester Village",https://www.thebicestercollection.com/bicester-village/en/brands/chloe/,121432
Church's Outlet UK | Shoes & Sneakers Sale | Bicester Village | Bicester Village,https://www.thebicestercollection.com/bicester-village/en/brands/churchs/,78242
Clarins Outlet UK | Discover Offers | Bicester Village | Bicester Village,https://www.thebicestercollection.com/bicester-village/en/brands/clarins/,208222
Coach Outlet UK | Sale Now On | Bicester Village | Bicester Village,https://www.thebicestercollection.com/bicester-village/en/brands/coach/,221715
Christian Louboutin Outlet UK | Sale Now On | Bicester Village | Bicester Village,https://www.thebicestercollection.com/bicester-village/en/brands/christian-louboutin/,312378
David Clulow Sunglasses Outlet Boutique | Bicester Village,https://www.thebicestercollection.com/bicester-village/en/brands/david-clulow-sunglasses/,212520
Creed Fragrance Sale | Luxury Perfume Outlet | Bicester Village | Bicester Village,https://www.thebicestercollection.com/bicester-village/en/brands/creed-fragrance/,217876
Dior Outlet UK | Bicester Village | Bicester Village,https://www.thebicestercollection.com/bicester-village/en/brands/dior/,81923
Dolce And Gabbana Outlet UK | Bicester Village,https://www.thebicestercollection.com/bicester-village/en/brands/dolce-and-gabbana/,135044
Dunhill Outlet | Dunhill Sale On Now | Bicester Village | Bicester Village,https://www.thebicestercollection.com/bicester-village/en/brands/dunhill/,222800
"Diesel Outlet UK | Jeans, Watches & More | Bicester Village",https://www.thebicestercollection.com/bicester-village/en/brands/diesel/,341011
ELEMIS Outlet Boutique UK | Bicester Village | Bicester Village,https://www.thebicestercollection.com/bicester-village/en/brands/elemis/,201490
Emma Bridgewater Outlet | Sale Now On | Bicester Village,https://www.thebicestercollection.com/bicester-village/en/brands/emma-bridgewater/,186233
Eleventy Outlet | Sale Now On | Bicester Village | Bicester Village,https://www.thebicestercollection.com/bicester-village/en/brands/eleventy/,357516
Fendi Outlet Boutique UK | Bicester Village,https://www.thebicestercollection.com/bicester-village/en/brands/fendi/,197157
"Etro Outlet UK | Clothing, Bags & More | Bicester Village",https://www.thebicestercollection.com/bicester-village/en/brands/etro/,171079
Ferragamo Outlet UK | Bags & More | Bicester Village,https://www.thebicestercollection.com/bicester-village/en/brands/ferragamo/,154401
GANNI Outlet Boutique | Bicester Village,https://www.thebicestercollection.com/bicester-village/en/brands/ganni/,264367
Gina Outlet UK | Shoes Sale | Bicester Village | Bicester Village,https://www.thebicestercollection.com/bicester-village/en/brands/gina/,133445
Givenchy Outlet UK | Bicester Village | Bicester Village,https://www.thebicestercollection.com/bicester-village/en/brands/givenchy/,266585
Golden Goose Outlet UK | Bicester Village | Bicester Village,https://www.thebicestercollection.com/bicester-village/en/brands/golden-goose/,141316
Gucci Outlet UK | Bags & More | Bicester Village | Bicester Village,https://www.thebicestercollection.com/bicester-village/en/brands/gucci/,149785
Gymshark Outlet UK | Bicester Village | Bicester Village,https://www.thebicestercollection.com/bicester-village/en/brands/gymshark/,229244
Hackett Outlet UK | Bicester Village | Bicester Village,https://www.thebicestercollection.com/bicester-village/en/brands/hackett-london/,175121
Herno Outlet | Luxury Italian Fashion | Bicester Village | Bicester Village,https://www.thebicestercollection.com/bicester-village/en/brands/herno/,183812
Heidi Klein Outlet UK | Bicester Village,https://www.thebicestercollection.com/bicester-village/en/brands/heidi-klein/,296102
Hogan Outlet UK | Hogan at Tod's | Bicester Village | Bicester Village,https://www.thebicestercollection.com/bicester-village/en/brands/hogan/,159725
Holland Cooper Outlet | Sale Now On | Bicester Village | Bicester Village,https://www.thebicestercollection.com/bicester-village/en/brands/holland-cooper/,259757
Hour Passion Outlet | Sale Now On | Bicester Village | Bicester Village,https://www.thebicestercollection.com/bicester-village/en/brands/hour-passion/,280826
Jimmy Choo Outlet | Shoes Sale Now On | Bicester Village | Bicester Village,https://www.thebicestercollection.com/bicester-village/en/brands/jimmy-choo/,172307
Isabel Marant Outlet Boutique UK | Bicester Village,https://www.thebicestercollection.com/bicester-village/en/brands/isabel-marant/,199577
Jil Sander Outlet Boutique | Bags & More | Bicester Village,https://www.thebicestercollection.com/bicester-village/en/brands/jil-sander/,219783
Kate Spade Outlet UK | Sale Now On | Bicester Village | Bicester Village,https://www.thebicestercollection.com/bicester-village/en/brands/kate-spade-new-york/,223270
Kenzo Outlet Boutique UK | Bicester Village | Bicester Village,https://www.thebicestercollection.com/bicester-village/en/brands/kenzo/,158377
L'Occitane Outlet UK | Bicester Village | Bicester Village,https://www.thebicestercollection.com/bicester-village/en/brands/loccitane/,239617
Lacoste Outlet UK | Bicester Village | Bicester Village,https://www.thebicestercollection.com/bicester-village/en/brands/lacoste/,294531
Kids around Outlet | Luxury Childrenswear | Bicester Village | Bicester Village,https://www.thebicestercollection.com/bicester-village/en/brands/kids-around/,289994
Le Creuset Outlet UK | Bicester Village | Bicester Village,https://www.thebicestercollection.com/bicester-village/en/brands/le-creuset/,246239
Lalique Outlet Store | Bicester Village,https://www.thebicestercollection.com/bicester-village/en/brands/lalique/,255641
Levi's® Outlet Store | Jeans & More | Bicester Village | Bicester Village,https://www.thebicestercollection.com/bicester-village/en/brands/levis/,181084
Linda Farrow Outlet & Discount | Bicester Village | Bicester Village,https://www.thebicestercollection.com/bicester-village/en/brands/linda-farrow/,292886
Lindt Outlet Boutique | Bicester Village,https://www.thebicestercollection.com/bicester-village/en/brands/lindt/,141154
Longchamp Outlet UK | Sale Now on | Bicester Village | Bicester Village,https://www.thebicestercollection.com/bicester-village/en/brands/longchamp/,136448
Loewe Outlet UK | Bags & More | Bicester Village,https://www.thebicestercollection.com/bicester-village/en/brands/loewe/,170047
Longines Watch Outlet Boutique UK | Bicester Village,https://www.thebicestercollection.com/bicester-village/en/brands/longines/,84146
Loro Piana Outlet UK | Bicester Village | Bicester Village,https://www.thebicestercollection.com/bicester-village/en/brands/loro-piana/,175556
lululemon Outlet UK | Discover Sale & More | Bicester Village,https://www.thebicestercollection.com/bicester-village/en/brands/lululemon/,174557
Marc Jacobs Outlet UK | Bicester Village | Bicester Village,https://www.thebicestercollection.com/bicester-village/en/brands/marc-jacobs/,170746
Maje Outlet Boutique UK | Bicester Village,https://www.thebicestercollection.com/bicester-village/en/brands/maje/,325520
Maison Margiela Outlet Boutique | Bicester Village | Bicester Village,https://www.thebicestercollection.com/bicester-village/en/brands/maison-margiela/,327071
"Marni Outlet Store | Shoes, Bags & More | Bicester Village",https://www.thebicestercollection.com/bicester-village/en/brands/marni/,199570
Max Mara Outlet UK | Bicester Village | Bicester Village,https://www.thebicestercollection.com/bicester-village/en/brands/max-mara/,205387
McQueen Outlet UK | Bicester Village | Bicester Village,https://www.thebicestercollection.com/bicester-village/en/brands/mcqueen/,145180
Manolo Blahnik Outlet | Sale On Now | Bicester Village | Bicester Village,https://www.thebicestercollection.com/bicester-village/en/brands/manolo-blahnik/,325721
Mido Outlet | Mido Watch Boutique | Bicester Village | Bicester Village,https://www.thebicestercollection.com/bicester-village/en/brands/mido/,96470
Missoni Outlet UK | Sale On Now | Bicester Village | Bicester Village,https://www.thebicestercollection.com/bicester-village/en/brands/missoni/,133887
Miu Miu | Bicester Village Outlet | Bicester Village,https://www.thebicestercollection.com/bicester-village/en/brands/miu-miu/,80202
Michael Kors Sale Outlet | Bicester Village | Bicester Village,https://www.thebicestercollection.com/bicester-village/en/brands/michael-kors/,392146
Molton Brown Outlet | Luxury Beauty | Bicester Village | Bicester Village,https://www.thebicestercollection.com/bicester-village/en/brands/molton-brown/,207077
Moncler Outlet UK | Sale Now On | Bicester Village | Bicester Village,https://www.thebicestercollection.com/bicester-village/en/brands/moncler/,83649
Monica Vinader Outlet Store UK | Bicester Village | Bicester Village,https://www.thebicestercollection.com/bicester-village/en/brands/monica-vinader/,212660
Montblanc Outlet | Bicester Village | Bicester Village,https://www.thebicestercollection.com/bicester-village/en/brands/montblanc/,212521
Moose Knuckles Outlet | Sale Now On | Bicester Village | Bicester Village,https://www.thebicestercollection.com/bicester-village/en/brands/moose-knuckles/,244140
Mulberry Outlet UK | Sale Now On | Bicester Village | Bicester Village,https://www.thebicestercollection.com/bicester-village/en/brands/mulberry/,292543
N.Peal Outlet Boutique | Bicester Village,https://www.thebicestercollection.com/bicester-village/en/brands/npeal/,232986
New Balance Outlet Store UK | Sale Now On | Bicester Village | Bicester Village,https://www.thebicestercollection.com/bicester-village/en/brands/new-balance/,189505
On Bicester Village | Running & Fitness | Bicester Village | Bicester Village,https://www.thebicestercollection.com/bicester-village/en/brands/on/,190586
Orlebar Brown Outlet Store UK | Bicester Village | Bicester Village,https://www.thebicestercollection.com/bicester-village/en/brands/orlebar-brown/,194638
NEOM Outlet UK | Skincare & More | Bicester Village | Bicester Village,https://www.thebicestercollection.com/bicester-village/en/brands/neom/,321204
Paige Outlet UK | Paige Denim | Bicester Village | Bicester Village,https://www.thebicestercollection.com/bicester-village/en/brands/Paige/,165608
Pandora Outlet Store UK | Sale Now On | Bicester Village | Bicester Village,https://www.thebicestercollection.com/bicester-village/en/brands/pandora/,235484
Paul Smith Outlet UK | Sale Now On | Bicester Village | Bicester Village,https://www.thebicestercollection.com/bicester-village/en/brands/paul-smith/,215346
Ottolenghi Restaurant | Middle Eastern & Mediterranean Inspired Cuisine | Bicester Village,https://www.thebicestercollection.com/bicester-village/en/brands/ottolenghi/,249459
Penhaligon's Outlet Boutique UK | Bicester Village | Bicester Village,https://www.thebicestercollection.com/bicester-village/en/brands/penhaligons/,209263
Prada Outlet UK | Sale Now On | Bicester Village | Bicester Village,https://www.thebicestercollection.com/bicester-village/en/brands/prada/,88173
Reiss Outlet UK | Sale Now On | Bicester Village | Bicester Village,https://www.thebicestercollection.com/bicester-village/en/brands/reiss/,195539
Rituals Outlet UK | Sale Now On | Bicester Village,https://www.thebicestercollection.com/bicester-village/en/brands/rituals/,120174
Polo Ralph Lauren Outlet UK | Sale Now On | Bicester Village | Bicester Village,https://www.thebicestercollection.com/bicester-village/en/brands/polo-ralph-lauren-men-and-women/,433347
Polo Ralph Lauren Kids Outlet | Bicester Village,https://www.thebicestercollection.com/bicester-village/en/brands/polo-ralph-lauren-children/,320230
Roger Vivier Outlet UK | Bicester Village | Bicester Village,https://www.thebicestercollection.com/bicester-village/en/brands/roger-vivier/,208797
Saint Laurent Outlet UK | Bicester Village | Bicester Village,https://www.thebicestercollection.com/bicester-village/en/brands/saint-laurent/,81913
Rupert Sanderson Outlet Boutique | Bicester Village,https://www.thebicestercollection.com/bicester-village/en/brands/rupert-sanderson/,147906
Samsonite Outlet UK | Sale Now On | Bicester Village | Bicester Village,https://www.thebicestercollection.com/bicester-village/en/brands/samsonite/,321526
Sandro Outlet UK | Bicester Village | Bicester Village,https://www.thebicestercollection.com/bicester-village/en/brands/sandro/,301848
Self Portrait Outlet Store UK | Bicester Village | Bicester Village,https://www.thebicestercollection.com/bicester-village/en/brands/self-portrait/,195602
Stella McCartney Outlet UK | Sale Now On | Bicester Village | Bicester Village,https://www.thebicestercollection.com/bicester-village/en/brands/stella-mccartney/,204047
Stone Island Outlet UK | Bicester Village | Bicester Village,https://www.thebicestercollection.com/bicester-village/en/brands/stone-island/,85358
Swarovski Outlet UK | Sale Now On | Bicester Village | Bicester Village,https://www.thebicestercollection.com/bicester-village/en/brands/swarovski/,238416
Swatch Outlet Boutique UK | Bicester Village,https://www.thebicestercollection.com/bicester-village/en/brands/swatch/,99608
"Sale Now On At Sweaty Betty Outlet Shop Near London, UK | Bicester Village",https://www.thebicestercollection.com/bicester-village/en/brands/sweaty-betty/,200170
Tag Heuer Outlet UK | Bicester Village,https://www.thebicestercollection.com/bicester-village/en/brands/tag-heuer/,244781
Thom Browne Outlet Boutique | Bicester Village,https://www.thebicestercollection.com/bicester-village/en/brands/thom-browne/,157922
The Cosmetics Company Store Outlet Boutique | Sale Now On | Bicester Village,https://www.thebicestercollection.com/bicester-village/en/brands/the-cosmetics-company-store/,235982
The White Company Outlet Store UK | Sale Now On | Bicester Village,https://www.thebicestercollection.com/bicester-village/en/brands/the-white-company/,204833
The North Face Outlet Near London | Sale Now On | Bicester Village,https://www.thebicestercollection.com/bicester-village/en/brands/the-north-face/,188004
Tissot Outlet Boutique UK | Bicester Village,https://www.thebicestercollection.com/bicester-village/en/brands/tissot/,88419
Timberland Outlet UK | Clothing & Boots - Sale | Bicester Village,https://www.thebicestercollection.com/bicester-village/en/brands/timberland/,297681
Tommy Hilfiger Outlet UK | Trainers Sale Now On | Bicester Village,https://www.thebicestercollection.com/bicester-village/en/brands/tommy-hilfiger/,155739
Tods Outlet Boutique UK | Bicester Village,https://www.thebicestercollection.com/bicester-village/en/brands/tods/,168415
Tory Burch Outlet Boutique UK | Sale Now On | Bicester Village,https://www.thebicestercollection.com/bicester-village/en/brands/tory-burch/,111886
Tumi Travel Essentials at Bicester Village - Premium Craftsmanship & Durability | Bicester Village,https://www.thebicestercollection.com/bicester-village/en/brands/tumi/,189003
Tommy Hilfiger Kids and Womenswear Outlet | Trainers Sale Now On | Bicester Village,https://www.thebicestercollection.com/bicester-village/en/brands/tommy-hilfiger-kids-womens/,206851
UGG Outlet Boutique Near London | UGG Sale Now On | Bicester Village,https://www.thebicestercollection.com/bicester-village/en/brands/ugg/,152909
"Under Armour Outlet Near London, UK | Bicester Village",https://www.thebicestercollection.com/bicester-village/en/brands/under-armour/,222943
"Discover Sale Now At Valentino Outlet UK | Bags, Shoes & More | Bicester Village",https://www.thebicestercollection.com/bicester-village/en/brands/valentino-garavani/,169154
"Sale Now on at Versace Outlet Near London, UK | Bicester Village",https://www.thebicestercollection.com/bicester-village/en/brands/versace/,179550
"Villeroy And Boch Outlet Near London, UK | Bicester Village",https://www.thebicestercollection.com/bicester-village/en/brands/villeroy-and-boch/,210429
Sale Now on at Vilebrequin Outlet Boutique UK | Bicester Village,https://www.thebicestercollection.com/bicester-village/en/brands/vilebrequin/,219797
Watchfinder & Co. | Preowned Luxury Watch Specialist | Bicester Village,https://www.thebicestercollection.com/bicester-village/en/brands/watchfinder-and-co/,218294
"Vivienne Westwood Clothing Outlet, UK | Sale Now On | Bicester Village",https://www.thebicestercollection.com/bicester-village/en/brands/vivienne-westwood/,253392
"Vans® Outlet Boutique Near London, UK | Bicester Village",https://www.thebicestercollection.com/bicester-village/en/brands/vans/,411286
Ermenegildo Zegna Outlet Boutique | Bicester Village,https://www.thebicestercollection.com/bicester-village/en/brands/ermenegildo-zegna/,157105
Zwilling J.A. Henckels Outlet Boutique UK | Bicester Village,https://www.thebicestercollection.com/bicester-village/en/brands/zwilling/,226016
"Great Things to Do at Bicester Village | Shopping, Events & Dining | Bicester Village",https://www.thebicestercollection.com/bicester-village/en/visit/best-things-to-do-at-bicester-village/,119123
Zadig And Voltaire Outlet Boutique UK | Sneakers Sale On Now | Bicester Village,https://www.thebicestercollection.com/bicester-village/en/brands/zadig-and-voltaire/,303255
Best Oxfordshire Gardens and Country Parks | Bicester Village | Bicester Village,https://www.thebicestercollection.com/bicester-village/en/visit/best-oxford-gardens/,212420
Farmshop Restaurant | Rustic & Farmhouse Food | Bicester Village,https://www.thebicestercollection.com/bicester-village/en/dine/farmshop/,236743
Ottolenghi Restaurant | Middle Eastern & Mediterranean Inspired Cuisine | Bicester Village,https://www.thebicestercollection.com/bicester-village/en/dine/ottolenghi/,116142
Cecconi's Restaurant | Italian Cuisine | Bicester Village,https://www.thebicestercollection.com/bicester-village/en/dine/cecconis/,227789
La Tua Pasta Restaurant | Italian Cuisine | Bicester Village,https://www.thebicestercollection.com/bicester-village/en/dine/la-tua-pasta/,211344
Shan Shui Restaurant | Asian & Chinese Cuisine | Bicester Village,https://www.thebicestercollection.com/bicester-village/en/dine/shan-shui/,320354
Humble Crumble at Bicester Village | Freshly Made Crumble Bundles | Bicester Village,https://www.thebicestercollection.com/bicester-village/en/dine/humble-crumble/,114671
Discover & Dine Terms & Conditions | Bicester Village,https://www.thebicestercollection.com/bicester-village/en/legal/discover-and-dine-package-terms-and-conditions-new/,78885
Luxury Shopping & Rail Package Terms & Conditions | Bicester Village,https://www.thebicestercollection.com/bicester-village/en/legal/luxury-shopping-and-rail-package-terms-and-conditions/,79293
Seamless Shopping Package Terms & Conditions | Bicester Village,https://www.thebicestercollection.com/bicester-village/en/legal/seamless-shopping-package-terms-and-conditions/,79855
The Bicester Collection | The Bicester Collection,https://www.thebicestercollection.com/en/legal/membership-terms-and-conditions-en/,91422
Bag Drop Terms and Conditions | Bicester Village,https://www.thebicestercollection.com/bicester-village/en/legal/bag-drop-guest-terms-and-conditions/,72323
Hands Free Shopping Terms & Conditions | Bicester Village,https://www.thebicestercollection.com/bicester-village/en/legal/hands-free-shopping-terms-and-conditions/,72362
Virtual Shopping | Bicester Village,https://www.thebicestercollection.com/bicester-village/en/services/virtual-shopping/,442040
Virtual Shopping FAQs | Bicester Village,https://www.thebicestercollection.com/bicester-village/en/legal/virtual-shopping-frequently-asked-questions/,70492
The season’s best gifts | Bicester Village,https://www.thebicestercollection.com/bicester-village/en/products/me-gift-guide/,595777
The luxury beauty edit | Bicester Village,https://www.thebicestercollection.com/bicester-village/en/products/beauty/,339744
Travel partner offers ​ | Bicester Village,https://www.thebicestercollection.com/bicester-village/en/partners/travel/,164581
Hotels and Travel Platform partners | Bicester Village,https://www.thebicestercollection.com/bicester-village/en/partners/hotels/,112752
Wellness and travel lifestyle must haves | Bicester Village,https://www.thebicestercollection.com/bicester-village/en/products/fitness-and-lifestyle/,540895
Financial Services | Bicester Village,https://www.thebicestercollection.com/bicester-village/en/partners/financial-services/,108364
Walks in Oxfordshire | Bicester Village,https://www.thebicestercollection.com/bicester-village/en/visit/walks-oxfordshire/,163979
Top 5 Spas in Oxfordshire | Bicester Village,https://www.thebicestercollection.com/bicester-village/en/visit/top-5-spas-in-oxfordshire/,204980
Restaurants in Oxford and Oxfordshire | Bicester Village,https://www.thebicestercollection.com/bicester-village/en/visit/best-oxfordshire-restaurants/,211365
Things to Do in Oxford with Kids | Bicester Village,https://www.thebicestercollection.com/bicester-village/en/visit/things-to-do-oxford-kids/,204011
Villages to Visit in the Cotswolds | Bicester Village,https://www.thebicestercollection.com/bicester-village/en/visit/cotswold-villages/,180673
Romantic Things To Do in Oxford for Couples | Bicester Village,https://www.thebicestercollection.com/bicester-village/en/visit/things-to-do-oxford-couples/,182754
6 Best Restaurants in the Cotswolds | Bicester Village,https://www.thebicestercollection.com/bicester-village/en/visit/best-cotswold-restaurants/,171018
Luxury travel experiences in the Cotswolds and England | Bicester Village,https://www.thebicestercollection.com/bicester-village/en/campaign/luxury-travel-inspiration-in-the-cotswolds-this-summer/,172616
Website Privacy Notice | Legal | Bicester Village,https://www.thebicestercollection.com/bicester-village/en/legal/website-privacy-notice/,99127
Bicester Village,https://www.thebicestercollection.com/bicester-village/en/legal/village-privacy-notice/,100177
Best Things to do in the Cotswolds for Families | Bicester Village | Bicester Village,https://www.thebicestercollection.com/bicester-village/en/visit/things-to-do-cotswolds-families/,175731
Things to do in the Cotswolds for Couples | Bicester Village,https://www.thebicestercollection.com/bicester-village/en/visit/things-to-do-cotswolds-couples/,175132
The Bicester Collection | The Bicester Collection,https://www.thebicestercollection.com/en/legal/membership-privacy-notice-en/,93210
Cotswolds in Winter: Cosy Escapes & Festive Cheer | Bicester Village | Bicester Village,https://www.thebicestercollection.com/bicester-village/en/visit/best-things-to-do-in-winter-cotswolds/,298519
Bicester Village,https://www.thebicestercollection.com/bicester-village/en/legal/brand-recruitment-site-privacy-notice/,93542
Accessibility | Bicester Village,https://www.thebicestercollection.com/bicester-village/en/legal/accessibility/,78512
Car | Getting Here | Bicester Village,https://www.thebicestercollection.com/bicester-village/en/getting-here/car/,89754
Coach | Getting Here | Bicester Village,https://www.thebicestercollection.com/bicester-village/en/getting-here/coach/,91949
Concierge Services | Services | Bicester Village,https://www.thebicestercollection.com/bicester-village/en/services/visitor-centre/,92669
Bicester Village Gift Card | Bicester Village,https://www.thebicestercollection.com/bicester-village/en/services/gift-card/,92307
Tax Free International Shipping | Bicester Village,https://www.thebicestercollection.com/bicester-village/en/services/tax-free-international-shipping/,94311
Next Day Delivery | Services | Bicester Village,https://www.thebicestercollection.com/bicester-village/en/services/next-day-delivery/,93260
Belstaff | Celebrating an icon | Bicester Village,https://www.thebicestercollection.com/bicester-village/en/stories/belstaff-celebrating-an-icon/,101141
International Shipping | Bicester Village,https://www.thebicestercollection.com/bicester-village/en/services/international-delivery/,99505
Train | Getting Here | Bicester Village,https://www.thebicestercollection.com/bicester-village/en/getting-here/train/,177077
Members reward UGG Scan to Win Terms & Conditions | Bicester Village,https://www.thebicestercollection.com/bicester-village/en/legal/member-reward-may-BH-scan-to-win-UGG-terms-and-conditions/?,78989
The 5 Best Parks and Gardens in the Cotswolds | Bicester Village,https://www.thebicestercollection.com/bicester-village/en/visit/cotswold-parks-and-gardens/,220527
The 5 Best Luxury Hotels in the Cotswolds | Bicester Village,https://www.thebicestercollection.com/bicester-village/en/visit/luxury-cotswold-hotels/,164769
La Tua Pasta Restaurant | Artisan Italian Dining | Bicester Village,https://www.thebicestercollection.com/bicester-village/en/brands/la-tua-pasta/,302350
Hunter Outlet Store UK | Wellies & Boots | Bicester Village,https://www.thebicestercollection.com/bicester-village/en/brands/hunter/,143211
Careers Privacy Policy | Bicester Village,https://www.thebicestercollection.com/bicester-village/en/legal/careers-privacy-policy/,97926
"The Cotswold Guy at Bicester Village | Premium, Locally Sourced Ingredients from The Cotswolds | Bicester Village",https://www.thebicestercollection.com/bicester-village/en/dine/the-cotswold-guy/,108825
Bicester Village,https://www.thebicestercollection.com/bicester-village/en/legal/icims-brand-recruitment-site-terms-of-use/,78046
Old Parsonage Hotel Oxford | Hotels & Attractions | Bicester Village,https://www.thebicestercollection.com/bicester-village/en/hotels-and-local-attractions/old-parsonage-hotel-oxford/,140108
Thyme Manor & Farm | Hotels & Attractions | Bicester Village,https://www.thebicestercollection.com/bicester-village/en/hotels-and-local-attractions/thyme-manor-and-farm/,84713
Register with us | Travel Industry Registration | Bicester Village,https://www.thebicestercollection.com/bicester-village/en/travel-industry-registration/register/,100655
Oliphant & Pomeroy | Award-winning ice cream | Bicester Village,https://www.thebicestercollection.com/bicester-village/en/dine/oliphants/,123978
Anne Fontaine Outlet Store | Bicester Village,https://www.thebicestercollection.com/bicester-village/en/brands/anne-fontaine/,74442
Calvin Klein Underwear Outlet | Boxers & More | Bicester Village,https://www.thebicestercollection.com/bicester-village/en/brands/calvin-klein-underwear/,174374
